                  epoch,             train/loss,  metrics/accuracy_top1,  metrics/accuracy_top5,               val/loss,                 lr/pg0,                 lr/pg1,                 lr/pg2
                      1,                  2.957,                 0.6276,                 0.8864,                 4.1372,              0.0002379,              0.0002379,              0.0002379
                      2,                 1.5275,                 0.7044,                 0.9262,                 4.0153,             0.00038168,             0.00038168,             0.00038168
                      3,                 1.2612,                 0.7518,                 0.9422,                 3.9555,              0.0004312,              0.0004312,              0.0004312
                      4,                 1.0765,                 0.7722,                  0.952,                 3.9208,             0.00028988,             0.00028988,             0.00028988
                      5,                0.95812,                 0.7936,                 0.9564,                    3.9,             0.00014851,             0.00014851,             0.00014851
