                  epoch,             train/loss,  metrics/accuracy_top1,  metrics/accuracy_top5,               val/loss,                 lr/pg0,                 lr/pg1,                 lr/pg2
                      1,                0.92336,                  0.905,                      1,                 1.0584,             0.00023761,             0.00023761,             0.00023761
                      2,                0.47252,                   0.93,                      1,                 1.0083,             0.00038144,             0.00038144,             0.00038144
                      3,                 0.3959,                   0.94,                      1,                 1.0017,             0.00043102,             0.00043102,             0.00043102
                      4,                0.33341,                   0.96,                      1,                0.97817,             0.00028988,             0.00028988,             0.00028988
                      5,                0.28701,                  0.965,                      1,                 0.9714,             0.00014851,             0.00014851,             0.00014851
